Id	Label	timeset	modularity_class
B19PRDSPAMRM000	SpaZone Marine Replenish Masque		
B19PRDSPAORM000	SpaZone Overnight Regenerative Masque		
B19PRDSPAAFO000	SpaZone Active Facial Oil		
B19PRDSPAIFL000	SpaZone Instant Facial Lift Wonder Serum		
B19PRODZNERN000	Rejuvoderm Night Maintenance		
B1930P002	Power Peel 30%		
B1950P002	Power Peel 50%		
B19CIPP001	Pigment Perfector		
B19EPGX001	Epi-GenesXpress		
B19NBN005	Age Reversal Night Complex 		
B19NBO003	Omega Night Complex		
B19NE31003	New Expression 365		
B19PRODZNEDZ000	Derma Zest Cleaning & Toning Gel		
B19PLGO001	Laser Gel Azu-Repair		
B19QUEL002	Quantum Elastin - Collagen Revival		
B19RBC001	Daily Radiant SPF25		
B19RBP002	Techno-5 Resurfacer		
B19RDS001	Daily Ultra Def SPF25		
B19RMS001	Super Smoother		
B19RSP002	Sensorial Daily Protector SPF25		
B19RSR005	Scar Repair Forte		
B19RUM002	Daily Intel Solver SPF 25		
B19RVE003	Eye Opener Serum		
B19AAP003	Acne Attack Pro-Masque		
B19AARS001	Acne Attack Rescue Serum		
B19PRODZNEAIF000	Zone Anti-Inflamm Ageing		
B19PRDSPANBC000	SpaZone Bust Refining Rejuvenator		
B19PRODZNEDDC000	Zone Derma Deep Rich Creamy Cleanser		
R010000	De Ion Water		
R0101057	Kahlwax 8108 Beeswax White		
R0101059	Crodamol ISIS LQ [MV]		
R0101063	Refined Shea Butter [Naturally Refinded]		
R0101072	Lamesoft PO 65		
R0101077	Crodamol SSA LQ [MV]		
R0101084	Isohexadecane		
R0101094	Silkflo 366		
R0101100	Evoil Apricot Kernel		
R0101102	Refined Soya Bean Oil		
R0101103	Melissa Oil		
R0101114	B.P. Glycerine		
R0101121	Evoil Hazelnut		
R0102002	Amphisol K		
R0102008	1,3 Butylene Glycol [Cosmetic Quality]		
R0102018	Tegosoft TN [Finsolve TN]		
R0102026	Eumulgin CO 40		
R0102031	Xanthan Gum FF Food Grade		
R0104015	Microcare PHG		
R0104056	Verstatil PC		
R0105002	Medical Salicylic Acid		
R0105020	Trilon BD [EDTA NA2]		
R0105035	Tri Sodium Citrate		
R0105039	Citric Acid Anhydrous		
R0105041	Galacid Heat Stable 90		
R0105060	ASC 3		
R0105122	Dragosantol 172585		
R0105123	DL A Tocopherol		
R0105124	Eyeliss		
R0105141	Lipovol C 76		
R0105152	Normaseb PH		
R0105159	Tinosorb S		
R0105170	D Panthenol		
R0105176	Empigen BS FA [AF]		
R0105177	Vit A Palmitate Care [1 Mio] [AJ]		
R0105179	DL Alpha Tocopheryl Acetate		
R0105182	Ascorbyl Palmitate		
R0105201	Lipovol Mac [Macadamia Nut Oil]		
R0105203	Evoil Wheat Germ		
R0105227	Hysilk Powder [LMW]		
R0105238	Dermaxyl		
R0105240	Kombuchka		
R0105258	Lipovol A [Avocado oil]		
R0105270	Pentavitin Code: 50 33152		
R0105304	Niacinamide PC [AJ]		
R0105308	Synerlight 2		
R0105334	Bioskinup Contour [Airfreight]		
R0105336	Methyl Sulfonyl Methane [MSM]		
R0105358	Lumiskin TM MBAL [SE28217] [AJ]		
R0105359	Dry Flo PC [AJ]		
R0105433	Matrixyl 3000		
R0105486	Lipolight OAP PVA		
R0105489	Argan Oil		
R0105494	Haloxyl TM MBAL [SE28218]		
R0105527	Silsoft 034		
R0105535	Uvinul A Plus Granular		
R0105566	Cohesium		
R0105587	Sepicontrol A5 [AJ]		
R0105601	Inutec SLI		
R0105621	Galaflow SL Cosmetic 60		
R0105639	Coheliss GR		
R0105640	Filmexel		
R0106001	SP Cosmowax D MBAL PA [SG]		
R0106004	Cetyl Alcohol [Nacol 1695]		
R0106006	Cetyl Stearyl Alcohol [AJ]		
R0106012	Lanol 99		
R0106015	Olivem 1000		
R0106020	Emulfree CBG [AJ]		
R0106024	Stearic Acid [POFAC 1655L]		
R0106038	SP Arlacel 165 FP MBAL PA [RB] [Simusol 165]		
R0106063	Montanov 68 MB [AJ]		
R0109005	Crovol A70 LQ [RB]		
R0110029	Antil 141 Liquid		
R0111012	Oliwax		
R0111062	Carbopol Ultrez 30		
R0111063	Sepimax Zen		
R0112001	Potassium Hydroxide		
R0112003	T.E.A 99% [AJ]		
R0112004	Caustic Soda Flakes [Pearl]		
R0113026	Centella Asiatica Phytelene EG 356 [320050]		
R0113028	Olive Oil Extra Virgin		
R0113062	Pineapple Phytelene Eg 401		
R0113090	Camellia Oil		
R0113091	Biochemica Rosehip Oil Refined		
R0113094	Blackcurrant Oil RBD # 266593		
R0113117	Bergamot Oil		
R0113124	Lemon EG 240		
R0113156	Papaya Phytelene EG402		
R1901000	Lipolan 31 20		
R1901001	Pomegranate Seed Oil		
R1901002	Cetiol Sensoft		
R1901003	Cetiol B		
R1901004	Waglinol 3 929		
R1901005	Arlamol LST LQ [MH]		
R1901006	Borage Oil Refined GLA 20PCT		
R1902000	Oronal LCG		
R1902001	Proteol OAT		
R1902002	Rewoderm S1333 KM 5		
R1902003	Iselux Ultra Mild		
R1905000	Alistin P5		
R1905001	Rayolys D		
R1905002	Chronodyn		
R1905003	Biopeptide CL		
R1905004	Hyaluronic Acid HMW		
R1905005	AA2G		
R1905006	Hydromanil		
R1905007	Acquacell		
R1905008	Hydranov P		
R1905009	Caffeine		
R1905010	Malic Acid		
R1905012	Perfection Peptide P3		
R1905013	Genencare OSMS BA		
R1905015	Aerosil R972		
R1905016	Regu Stretch		
R1905017	Alpaflor Imperatoria		
R1905018	Glyco Repair		
R1905019	Exfo Bio		
R1905020	LPDs Asiatic Centella		
R1905021	L Carnitine		
R1905022	Drieline 1S		
R1905023	AquaCacteen		
R1905024	Happybelle PE		
R1905025	Skin Tightener ST[TM] PH		
R1905026	Beautifeye		
R1905027	Deglysome		
R1905028	Celligent		
R1905029	Cosmedia DC		
R1905030	Uvinul T150		
R1905031	Tens Up		
R1905032	Ronacare AP		
R1905033	Evermat		
R1905035	Sebonormine OP		
R1905038	ProRenew Complex CLR		
R1905039	Epigenist LS10003		
R1905040	Defensil Plus		
R1905041	Unflamagyl		
R1905042	Eperuline PW LS 9627		
R1905043	Cetiol SB45		
R1905045	Meadowsweet Medulat 220016		
R1905046	Dermapur HP OP		
R1905047	Gatuline Derma [Sensitive]		
R1905048	Vitagenyl		
R1905049	Detoxyl OP		
R1905050	Celldetox		
R1905052	Fermiskin GR		
R1905053	Retilactyl D		
R1905054	Raffermine 2		
R1905055	Ceramidone		
R1905056	Eternaline		
R1905058	Aquaphyline		
R1906000	Montanov L		
R1906001	Montanov S		
R1907000	Perf Citrus Therm 701081		
R1908000	Guaiazulene 100% Pure [G]		
R1911000	Sucragel AOF		
R1911001	Carbopol Ultrez 30		
R1911003	Carbopol EDT 2050		
R1913000	Ivy Cosmelene Ext		
R1913001	St Johns Wort HG Ext		
R1913002	Soapwort HG [3009] Extr		
R1913003	Horsetail Cosmelene Ext		
R1913004	Centella Asiatica Cosmelene Ex		
R1913005	Yarrow Phytelene EG 472 Ext		
R1913006	Geranium HG Ext		
R1913007	Lavender HG Ext		
R1913008	Rosemary HG Ext		
R1913009	Arnica Phytenele EG 001 Ext		
R1913011	Phytelene EGX 247 [BG] 620012		
R1913012	Phytelene EGX 773 [BG] 620032		
R1913013	Passion Flower Cosmelene		
R1913014	Grapefruit Oil Pink		
